{
    "lv": 1,
    "currentExp": 0.0,
    "currentHp": 85.0,
    "position": {
        "x": -4.4702911376953129,
        "y": 4.996463775634766,
        "z": 0.0
    }
}