{
    "lv": 1,
    "currentExp": 0.0,
    "currentHp": 100.0,
    "position": {
        "x": -4.899582386016846,
        "y": 3.081775426864624,
        "z": 0.0
    }
}