{
    "lv": 1,
    "currentExp": 0.0,
    "currentHp": 100.0,
    "position": {
        "x": -8.390597343444825,
        "y": 5.3221540451049809,
        "z": 0.0
    }
}